166,Akshan,the Rogue Sentinel,"Raising an eyebrow in the face of danger, Akshan fights evil with dashing charisma, righteous vengeance, and a conspicuous lack of shirts. He is highly skilled in the art of stealth combat, able to evade the eyes of his enemies and reappear when they..."
22,Ashe,the Frost Archer,"Iceborn warmother of the Avarosan tribe, Ashe commands the most populous horde in the north. Stoic, intelligent, and idealistic, yet uncomfortable with her role as leader, she taps into the ancestral magics of her lineage to wield a bow of True Ice..."
39,Irelia,the Blade Dancer,"The Noxian occupation of Ionia produced many heroes, none more unlikely than young Irelia of Navori. Trained in the ancient dances of her province, she adapted her art for war, using the graceful and carefully practised movements to levitate a host of..."
40,Janna,the Storm's Fury,"Armed with the power of Runeterra's gales, Janna is a mysterious, elemental wind spirit who protects the dispossessed of Zaun. Some believe she was brought into existence by the pleas of Runeterra's sailors who prayed for fair winds as they navigated..."
147,Seraphine,the Starry-Eyed Songstress,"Born in Piltover to Zaunite parents, Seraphine can hear the souls of others—the world sings to her, and she sings back. Though these sounds overwhelmed her in her youth, she now draws on them for inspiration, turning the chaos into a symphony. She..."
268,Azir,the Emperor of the Sands,"Azir was a mortal emperor of Shurima in a far distant age, a proud man who stood at the cusp of immortality. His hubris saw him betrayed and murdered at the moment of his greatest triumph, but now, millennia later, he has been reborn as an Ascended..."
69,Cassiopeia,the Serpent's Embrace,"Cassiopeia is a deadly creature bent on manipulating others to her sinister will. Youngest and most beautiful daughter of the noble Du Couteau family of Noxus, she ventured deep into the crypts beneath Shurima in search of ancient power. There, she was..."
54,Malphite,Shard of the Monolith,"A massive creature of living stone, Malphite struggles to impose blessed order on a chaotic world. Birthed as a servitor-shard to an otherworldly obelisk known as the Monolith, he used his tremendous elemental strength to maintain and protect his..."
75,Nasus,the Curator of the Sands,"Nasus is an imposing, jackal-headed Ascended being from ancient Shurima, a heroic figure regarded as a demigod by the people of the desert. Fiercely intelligent, he was a guardian of knowledge and peerless strategist whose wisdom guided the ancient..."
19,Warwick,the Uncaged Wrath of Zaun,"Warwick is a monster who hunts the gray alleys of Zaun. Transformed by agonizing experiments, his body is fused with an intricate system of chambers and pumps, machinery filling his veins with alchemical rage. Bursting out of the shadows, he preys upon..."
112,Viktor,the Machine Herald,"The herald of a new age of technology, Viktor has devoted his life to the advancement of humankind. An idealist who seeks to lift the people of Zaun to a new level of understanding, he believes that only by embracing a glorious evolution of technology..."
26,Zilean,the Chronokeeper,"Once a powerful Icathian mage, Zilean became obsessed with the passage of time after witnessing his homeland's destruction by the Void. Unable to spare even a minute to grieve the catastrophic loss, he called upon ancient temporal magic to divine all..."
131,Diana,Scorn of the Moon,"Bearing her crescent moonblade, Diana fights as a warrior of the Lunari—a faith all but quashed in the lands around Mount Targon. Clad in shimmering armor the color of winter snow at night, she is a living embodiment of the silver moon's power. Imbued..."
81,Ezreal,the Prodigal Explorer,"A dashing adventurer, unknowingly gifted in the magical arts, Ezreal raids long-lost catacombs, tangles with ancient curses, and overcomes seemingly impossible odds with ease. His courage and bravado knowing no bounds, he prefers to improvise his way..."
429,Kalista,the Spear of Vengeance,"A specter of wrath and retribution, Kalista is the undying spirit of vengeance, an armored nightmare summoned from the Shadow Isles to hunt deceivers and traitors. The betrayed may cry out in blood to be avenged, but Kalista only answers those willing..."
240,Kled,the Cantankerous Cavalier,"A warrior as fearless as he is ornery, the yordle Kled embodies the furious bravado of Noxus. He is an icon beloved by the empire's soldiers, distrusted by its officers, and loathed by the nobility. Many claim Kled has fought in every campaign the..."
62,Wukong,the Monkey King,"Wukong is a vastayan trickster who uses his strength, agility, and intelligence to confuse his opponents and gain the upper hand. After finding a lifelong friend in the warrior known as Master Yi, Wukong became the last student of the ancient martial..."
67,Vayne,the Night Hunter,"Shauna Vayne is a deadly, remorseless Demacian monster hunter, who has dedicated her life to finding and destroying the demon that murdered her family. Armed with a wrist-mounted crossbow and a heart full of vengeance, she is only truly happy when..."
51,Caitlyn,the Sheriff of Piltover,"Renowned as its finest peacekeeper, Caitlyn is also Piltover's best shot at ridding the city of its elusive criminal elements. She is often paired with Vi, acting as a cool counterpoint to her partner's more impetuous nature. Even though she carries a..."
42,Corki,the Daring Bombardier,"The yordle pilot Corki loves two things above all others: flying, and his glamorous mustache... though not necessarily in that order. After leaving Bandle City, he settled in Piltover and fell in love with the wondrous machines he found there. He..."
89,Leona,the Radiant Dawn,"Imbued with the fire of the sun, Leona is a holy warrior of the Solari who defends Mount Targon with her Zenith Blade and the Shield of Daybreak. Her skin shimmers with starfire while her eyes burn with the power of the celestial Aspect within her..."
8,Vladimir,the Crimson Reaper,"A fiend with a thirst for mortal blood, Vladimir has influenced the affairs of Noxus since the empire's earliest days. In addition to unnaturally extending his life, his mastery of hemomancy allows him to control the minds and bodies of others as easily..."
105,Fizz,the Tidal Trickster,"Fizz is an amphibious yordle, who dwells among the reefs surrounding Bilgewater. He often retrieves and returns the tithes cast into the sea by superstitious captains, but even the saltiest of sailors know better than to cross him—for many are the tales..."
96,Kog'Maw,the Mouth of the Abyss,"Belched forth from a rotting Void incursion deep in the wastelands of Icathia, Kog'Maw is an inquisitive yet putrid creature with a caustic, gaping mouth. This particular Void-spawn needs to gnaw and drool on anything within reach to truly understand it..."
236,Lucian,the Purifier,"Lucian, a Sentinel of Light, is a grim hunter of undying spirits, pursuing them relentlessly and annihilating them with his twin relic pistols. After the wraith Thresh slew his wife, Lucian embarked on the path of vengeance—but even with her return to..."
91,Talon,the Blade's Shadow,"Talon is the knife in the darkness, a merciless killer able to strike without warning and escape before any alarm is raised. He carved out a dangerous reputation on the brutal streets of Noxus, where he was forced to fight, kill, and steal to survive..."
23,Tryndamere,the Barbarian King,"Fueled by unbridled fury and rage, Tryndamere once carved his way through the Freljord, openly challenging the greatest warriors of the north to prepare himself for even darker days ahead. The wrathful barbarian has long sought revenge for the..."
161,Vel'Koz,the Eye of the Void,"It is unclear if Vel'Koz was the first Void-spawn to emerge on Runeterra, but there has certainly never been another to match his level of cruel, calculating sentience. While his kin devour or defile everything around them, he seeks instead to..."
164,Camille,the Steel Shadow,"Weaponized to operate outside the boundaries of the law, Camille is the Principal Intelligencer of Clan Ferros—an elegant and elite agent who ensures the Piltover machine and its Zaunite underbelly runs smoothly. Adaptable and precise, she views sloppy..."
111,Nautilus,the Titan of the Depths,"A lonely legend as old as the first piers sunk in Bilgewater, the armored goliath known as Nautilus roams the dark waters off the coast of the Blue Flame Isles. Driven by a forgotten betrayal, he strikes without warning, swinging his enormous anchor to..."
61,Orianna,the Lady of Clockwork,"Once a curious girl of flesh and blood, Orianna is now a technological marvel comprised entirely of clockwork. She became gravely ill after an accident in the lower districts of Zaun, and her failing body had to be replaced with exquisite artifice..."
497,Rakan,The Charmer,"As mercurial as he is charming, Rakan is an infamous vastayan troublemaker and the greatest battle-dancer in Lhotlan tribal history. To the humans of the Ionian highlands, his name has long been synonymous with wild festivals, uncontrollable parties..."
234,Viego,The Ruined King,"Once ruler of a long-lost kingdom, Viego perished over a thousand years ago when his attempt to bring his wife back from the dead triggered the magical catastrophe known as the Ruination. Transformed into a powerful, unliving wraith tortured by an..."
32,Amumu,the Sad Mummy,"Legend claims that Amumu is a lonely and melancholy soul from ancient Shurima, roaming the world in search of a friend. Doomed by an ancient curse to remain alone forever, his touch is death, his affection ruin. Those who claim to have seen him describe..."
63,Brand,the Burning Vengeance,"Once a tribesman of the icy Freljord named Kegan Rodhe, the creature known as Brand is a lesson in the temptation of greater power. Seeking one of the legendary World Runes, Kegan betrayed his companions and seized it for himself—and, in an instant, the..."
203,Kindred,The Eternal Hunters,"Separate, but never parted, Kindred represents the twin essences of death. Lamb's bow offers a swift release from the mortal realm for those who accept their fate. Wolf hunts down those who run from their end, delivering violent finality within his..."
72,Skarner,the Crystal Vanguard,"Skarner is an immense crystalline scorpion from a hidden valley in Shurima. Part of the ancient Brackern race, Skarner and his kin are known for their great wisdom and deep connection to the land, as their souls are fused with powerful life crystals..."
55,Katarina,the Sinister Blade,"Decisive in judgment and lethal in combat, Katarina is a Noxian assassin of the highest caliber. Eldest daughter to the legendary General Du Couteau, she made her talents known with swift kills against unsuspecting enemies. Her fiery ambition has driven..."
134,Syndra,the Dark Sovereign,"Syndra is a fearsome Ionian mage with incredible power at her command. As a child, she disturbed the village elders with her reckless and wild magic. She was sent away to be taught greater control, but eventually discovered her supposed mentor was..."
9,Fiddlesticks,the Ancient Fear,"Something has awoken in Runeterra. Something ancient. Something terrible. The ageless horror known as Fiddlesticks stalks the edges of mortal society, drawn to areas thick with paranoia where it feeds upon terrorized victims. Wielding a jagged scythe..."
427,Ivern,the Green Father,"Ivern Bramblefoot, known to many as the Green Father, is a peculiar half man, half tree who roams Runeterra's forests, cultivating life everywhere he goes. He knows the secrets of the natural world, and holds deep friendships with all things that grow..."
254,Vi,the Piltover Enforcer,"Once a criminal from the mean streets of Zaun, Vi is a hotheaded, impulsive, and fearsome woman with only a very loose respect for authority figures. Growing up all but alone, Vi developed finely honed survival instincts as well as a wickedly abrasive..."
24,Jax,Grandmaster at Arms,"Unmatched in both his skill with unique armaments and his biting sarcasm, Jax is the last known weapons master of Icathia. After his homeland was laid low by its own hubris in unleashing the Void, Jax and his kind vowed to protect what little remained..."
876,Lillia,the Bashful Bloom,"Intensely shy, the fae fawn Lillia skittishly wanders Ionia's forests. Hiding just out of sight of mortals—whose mysterious natures have long captivated, but intimidated, her—Lillia hopes to discover why their dreams no longer reach the ancient Dreaming..."
2,Olaf,the Berserker,"An unstoppable force of destruction, the axe-wielding Olaf wants nothing but to die in glorious combat. Hailing from the brutal Freljordian peninsula of Lokfar, he once received a prophecy foretelling his peaceful passing—a coward's fate, and a great..."
27,Singed,the Mad Chemist,"Singed is a Zaunite alchemist of unmatched intellect, who has devoted his life to pushing the boundaries of knowledge—with no price, even his own sanity, too high to pay. Is there a method to his madness? His concoctions rarely fail, but it appears to..."
48,Trundle,the Troll King,"Trundle is a hulking and devious troll with a particularly vicious streak, and there is nothing he cannot bludgeon into submission—not even the Freljord itself. Fiercely territorial, he chases down anyone foolish enough to enter his domain. Then, his..."
103,Ahri,the Nine-Tailed Fox,"Innately connected to the latent power of Runeterra, Ahri is a vastaya who can reshape magic into orbs of raw energy. She revels in toying with her prey by manipulating their emotions before devouring their life essence. Despite her predatory nature..."
126,Jayce,the Defender of Tomorrow,"Jayce is a brilliant inventor who has pledged his life to the defense of Piltover and its unyielding pursuit of progress. With his transforming hextech hammer in hand, Jayce uses his strength, courage, and considerable intelligence to protect his..."
92,Riven,the Exile,"Once a swordmaster in the warhosts of Noxus, Riven is an expatriate in a land she previously tried to conquer. She rose through the ranks on the strength of her conviction and brutal efficiency, and was rewarded with a legendary runic blade and a..."
412,Thresh,the Chain Warden,"Sadistic and cunning, Thresh is an ambitious and restless spirit of the Shadow Isles. Once the custodian of countless arcane secrets, he was undone by a power greater than life or death, and now sustains himself by tormenting and breaking others with..."
83,Yorick,Shepherd of Souls,"The last survivor of a long-forgotten religious order, Yorick is both blessed and cursed with power over the dead. Trapped on the Shadow Isles, his only companions are the rotting corpses and shrieking spirits that he gathers to him. Yorick's monstrous..."
142,Zoe,the Aspect of Twilight,"As the embodiment of mischief, imagination, and change, Zoe acts as the cosmic messenger of Targon, heralding major events that reshape worlds. Her mere presence warps the arcane mathematics governing realities, sometimes causing cataclysms without..."
41,Gangplank,the Saltwater Scourge,"As unpredictable as he is brutal, the dethroned reaver king Gangplank is feared far and wide. Once, he ruled the port city of Bilgewater, and while his reign is over, there are those who believe this has only made him more dangerous. Gangplank would see..."
222,Jinx,the Loose Cannon,"A manic and impulsive criminal from Zaun, Jinx lives to wreak havoc without care for the consequences. With an arsenal of deadly weapons, she unleashes the loudest blasts and brightest explosions to leave a trail of mayhem and panic in her wake. Jinx..."
121,Kha'Zix,the Voidreaver,"The Void grows, and the Void adapts—in none of its myriad spawn are these truths more apparent than Kha'Zix. Evolution drives the core of this mutating horror, born to survive and to slay the strong. Where it struggles to do so, it grows new, more..."
246,Qiyana,Empress of the Elements,"In the jungle city of Ixaocan, Qiyana plots her own ruthless path to the high seat of the Yun Tal. Last in line to succeed her parents, she faces those who stand in her way with brash confidence and unprecedented mastery over elemental magic. With the..."
777,Yone,the Unforgotten,"In life, he was Yone—half-brother of Yasuo, and renowned student of his village's sword school. But upon his death at the hands of his brother, he found himself hunted by a malevolent entity of the spirit realm, and was forced to slay it with its own..."
432,Bard,the Wandering Caretaker,"A traveler from beyond the stars, Bard is an agent of serendipity who fights to maintain a balance where life can endure the indifference of chaos. Many Runeterrans sing songs that ponder his extraordinary nature, yet they all agree that the cosmic..."
3,Galio,the Colossus,"Outside the gleaming city of Demacia, the stone colossus Galio keeps vigilant watch. Built as a bulwark against enemy mages, he often stands motionless for decades until the presence of powerful magic stirs him to life. Once activated, Galio makes the..."
86,Garen,The Might of Demacia,"A proud and noble warrior, Garen fights as one of the Dauntless Vanguard. He is popular among his fellows, and respected well enough by his enemies—not least as a scion of the prestigious Crownguard family, entrusted with defending Demacia and its..."
18,Tristana,the Yordle Gunner,"While many other yordles channel their energy into discovery, invention, or just plain mischief-making, Tristana was always inspired by the adventures of great warriors. She had heard much about Runeterra, its factions, and its wars, and believed her..."
122,Darius,the Hand of Noxus,"There is no greater symbol of Noxian might than Darius, the nation's most feared and battle-hardened commander. Rising from humble origins to become the Hand of Noxus, he cleaves through the empire's enemies—many of them Noxians themselves. Knowing that..."
28,Evelynn,Agony's Embrace,"Within the dark seams of Runeterra, the demon Evelynn searches for her next victim. She lures in prey with the voluptuous façade of a human female, but once a person succumbs to her charms, Evelynn's true form is unleashed. She then subjects her victim..."
104,Graves,the Outlaw,"Malcolm Graves is a renowned mercenary, gambler, and thief—a wanted man in every city and empire he has visited. Even though he has an explosive temper, he possesses a strict sense of criminal honor, often enforced at the business end of his..."
145,Kai'Sa,Daughter of the Void,"Claimed by the Void when she was only a child, Kai'Sa managed to survive through sheer tenacity and strength of will. Her experiences have made her a deadly hunter and, to some, the harbinger of a future they would rather not live to see. Having entered..."
68,Rumble,the Mechanized Menace,"Rumble is a young inventor with a temper. Using nothing more than his own two hands and a heap of scrap, the feisty yordle constructed a colossal mech suit outfitted with an arsenal of electrified harpoons and incendiary rockets. Though others may scoff..."
517,Sylas,the Unshackled,"Raised in one of Demacia's lesser quarters, Sylas of Dregbourne has come to symbolize the darker side of the Great City. As a boy, his ability to root out hidden sorcery caught the attention of the notorious mageseekers, who eventually imprisoned him..."
60,Elise,the Spider Queen,"Elise is a deadly predator who dwells in a shuttered, lightless palace, deep within the oldest city of Noxus. Once mortal, she was the mistress of a powerful house, but the bite of a vile demigod transformed her into something beautiful, yet utterly..."
59,Jarvan IV,the Exemplar of Demacia,"Prince Jarvan, scion of the Lightshield dynasty, is heir apparent to the throne of Demacia. Raised to be a paragon of his nation's greatest virtues, he is forced to balance the heavy expectations placed upon him with his own desire to fight on the front..."
133,Quinn,Demacia's Wings,"Quinn is an elite ranger-knight of Demacia, who undertakes dangerous missions deep in enemy territory. She and her legendary eagle, Valor, share an unbreakable bond, and their foes are often slain before they realize they are fighting not one, but two..."
4,Twisted Fate,the Card Master,"Twisted Fate is an infamous cardsharp and swindler who has gambled and charmed his way across much of the known world, earning the enmity and admiration of the rich and foolish alike. He rarely takes things seriously, greeting each day with a mocking..."
120,Hecarim,the Shadow of War,"Hecarim is a spectral fusion of man and beast, cursed to ride down the souls of the living for all eternity. When the Blessed Isles fell into shadow, this proud knight was obliterated by the destructive energies of the Ruination, along with all his..."
74,Heimerdinger,the Revered Inventor,"A brilliant yet eccentric yordle scientist, Professor Cecil B. Heimerdinger is one of the most innovative and esteemed inventors Piltover has ever known. Relentless in his work to the point of neurotic obsession, he thrives on answering the universe's..."
267,Nami,the Tidecaller,"A headstrong young vastaya of the seas, Nami was the first of the Marai tribe to leave the waves and venture onto dry land, when their ancient accord with the Targonians was broken. With no other option, she took it upon herself to complete the sacred..."
78,Poppy,Keeper of the Hammer,"Runeterra has no shortage of valiant champions, but few are as tenacious as Poppy. Bearing the legendary hammer of Orlon, a weapon twice her size, this determined yordle has spent untold years searching in secret for the fabled “Hero of Demacia,” said..."
223,Tahm Kench,The River King,"Known by many names throughout history, the demon Tahm Kench travels the waterways of Runeterra, feeding his insatiable appetite with the misery of others. Though he may appear singularly charming and proud, he swaggers through the physical realm like a..."
17,Teemo,the Swift Scout,"Undeterred by even the most dangerous and threatening of obstacles, Teemo scouts the world with boundless enthusiasm and a cheerful spirit. A yordle with an unwavering sense of morality, he takes pride in following the Bandle Scout's Code, sometimes..."
31,Cho'Gath,the Terror of the Void,"From the moment Cho'Gath first emerged into the harsh light of Runeterra's sun, the beast was driven by the most pure and insatiable hunger. A perfect expression of the Void's desire to consume all life, Cho'Gath's complex biology quickly converts..."
38,Kassadin,the Void Walker,"Cutting a burning swath through the darkest places of the world, Kassadin knows his days are numbered. A widely traveled Shuriman guide and adventurer, he had chosen to raise a family among the peaceful southern tribes—until the day his village was..."
498,Xayah,the Rebel,"Deadly and precise, Xayah is a vastayan revolutionary waging a personal war to save her people. She uses her speed, guile, and razor-sharp feather blades to cut down anyone who stands in her way. Xayah fights alongside her partner and lover, Rakan, to..."
115,Ziggs,the Hexplosives Expert,"With a love of big bombs and short fuses, the yordle Ziggs is an explosive force of nature. As an inventor's assistant in Piltover, he was bored by his predictable life and befriended a mad, blue-haired bomber named Jinx. After a wild night on the town..."
245,Ekko,the Boy Who Shattered Time,"A prodigy from the rough streets of Zaun, Ekko manipulates time to twist any situation to his advantage. Using his own invention, the Zero Drive, he explores the branching possibilities of reality to craft the perfect moment. Though he revels in this..."
21,Miss Fortune,the Bounty Hunter,"A Bilgewater captain famed for her looks but feared for her ruthlessness, Sarah Fortune paints a stark figure among the hardened criminals of the port city. As a child, she witnessed the reaver king Gangplank murder her family—an act she brutally..."
518,Neeko,the Curious Chameleon,"Hailing from a long lost tribe of vastaya, Neeko can blend into any crowd by borrowing the appearances of others, even absorbing something of their emotional state to tell friend from foe in an instant. No one is ever sure where—or who—Neeko might be..."
16,Soraka,the Starchild,"A wanderer from the celestial dimensions beyond Mount Targon, Soraka gave up her immortality to protect the mortal races from their own more violent instincts. She endeavors to spread the virtues of compassion and mercy to everyone she meets—even..."
106,Volibear,the Relentless Storm,"To those who still revere him, the Volibear is the storm made manifest. Destructive, wild, and stubbornly resolute, he existed before mortals walked the Freljord's tundra, and is fiercely protective of the lands that he and his demi-god kin created..."
887,Gwen,The Hallowed Seamstress,"A former doll transformed and brought to life by magic, Gwen wields the very tools that once created her. She carries the weight of her maker's love with every step, taking nothing for granted. At her command is the Hallowed Mist, an ancient and..."
25,Morgana,the Fallen,"Conflicted between her celestial and mortal natures, Morgana bound her wings to embrace humanity, and inflicts her pain and bitterness upon the dishonest and the corrupt. She rejects laws and traditions she believes are unjust, and fights for truth from..."
113,Sejuani,Fury of the North,"Sejuani is the brutal, unforgiving Iceborn warmother of the Winter's Claw, one of the most feared tribes of the Freljord. Her people's survival is a constant, desperate battle against the elements, forcing them to raid Noxians, Demacians, and Avarosans..."
14,Sion,The Undead Juggernaut,"A war hero from a bygone era, Sion was revered in Noxus for choking the life out of a Demacian king with his bare hands—but, denied oblivion, he was resurrected to serve his empire even in death. His indiscriminate slaughter claimed all who stood in his..."
45,Veigar,the Tiny Master of Evil,"An enthusiastic master of dark sorcery, Veigar has embraced powers that few mortals dare approach. As a free-spirited inhabitant of Bandle City, he longed to push beyond the limitations of yordle magic, and turned instead to arcane texts that had been..."
421,Rek'Sai,the Void Burrower,"An apex predator, Rek'Sai is a merciless Void-spawn that tunnels beneath the ground to ambush and devour unsuspecting prey. Her insatiable hunger has laid waste to entire regions of the once-great empire of Shurima—merchants, traders, even armed..."
6,Urgot,the Dreadnought,"Once a powerful Noxian headsman, Urgot was betrayed by the empire for which he had killed so many. Bound in iron chains, he was forced to learn the true meaning of strength in the Dredge—a prison mine deep beneath Zaun. Emerging in a disaster that..."
12,Alistar,the Minotaur,"Always a mighty warrior with a fearsome reputation, Alistar seeks revenge for the death of his clan at the hands of the Noxian empire. Though he was enslaved and forced into the life of a gladiator, his unbreakable will was what kept him from truly..."
79,Gragas,the Rabble Rouser,"Equal parts jolly and imposing, Gragas is a massive, rowdy brewmaster on his own quest for the perfect pint of ale. Hailing from parts unknown, he now searches for rare ingredients among the unblemished wastes of the Freljord, trying each recipe as he..."
202,Jhin,the Virtuoso,"Jhin is a meticulous criminal psychopath who believes murder is art. Once an Ionian prisoner, but freed by shadowy elements within Ionia's ruling council, the serial killer now works as their cabal's assassin. Using his gun as his paintbrush, Jhin..."
30,Karthus,the Deathsinger,"The harbinger of oblivion, Karthus is an undying spirit whose haunting songs are a prelude to the horror of his nightmarish appearance. The living fear the eternity of undeath, but Karthus sees only beauty and purity in its embrace, a perfect union of..."
85,Kennen,the Heart of the Tempest,"More than just the lightning-quick enforcer of Ionian balance, Kennen is the only yordle member of the Kinkou. Despite his small, furry stature, he is eager to take on any threat with a whirling storm of shuriken and boundless enthusiasm. Alongside his..."
76,Nidalee,the Bestial Huntress,"Raised in the deepest jungle, Nidalee is a master tracker who can shapeshift into a ferocious cougar at will. Neither wholly woman nor beast, she viciously defends her territory from any and all trespassers, with carefully placed traps and deft spear..."
711,Vex,the Gloomist,"In the black heart of the Shadow Isles, a lone yordle trudges through the spectral fog, content in its murky misery. With an endless supply of teen angst and a powerful shadow in tow, Vex lives in her own self-made slice of gloom, far from the revolting..."
1,Annie,the Dark Child,"Dangerous, yet disarmingly precocious, Annie is a child mage with immense pyromantic power. Even in the shadows of the mountains north of Noxus, she is a magical outlier. Her natural affinity for fire manifested early in life through unpredictable..."
99,Lux,the Lady of Luminosity,"Luxanna Crownguard hails from Demacia, an insular realm where magical abilities are viewed with fear and suspicion. Able to bend light to her will, she grew up dreading discovery and exile, and was forced to keep her power secret, in order to preserve..."
235,Senna,the Redeemer,"Cursed from childhood to be haunted by the supernatural Black Mist, Senna joined a sacred order known as the Sentinels of Light, and fiercely fought back—only to be killed, her soul imprisoned in a lantern by the cruel wraith Thresh. But refusing to..."
238,Zed,the Master of Shadows,"Utterly ruthless and without mercy, Zed is the leader of the Order of Shadow, an organization he created with the intent of militarizing Ionia's magical and martial traditions to drive out Noxian invaders. During the war, desperation led him to unlock..."
56,Nocturne,the Eternal Nightmare,"A demonic amalgamation drawn from the nightmares that haunt every sentient mind, the thing known as Nocturne has become a primordial force of pure evil. It is liquidly chaotic in aspect, a faceless shadow with cold eyes and armed with wicked-looking..."
58,Renekton,the Butcher of the Sands,"Renekton is a terrifying, rage-fueled Ascended being from the scorched deserts of Shurima. Once, he was his empire's most esteemed warrior, leading the nation's armies to countless victories. However, after the empire's fall, Renekton was entombed..."
102,Shyvana,the Half-Dragon,"Shyvana is a creature with the magic of a rune shard burning within her heart. Though she often appears humanoid, she can take her true form as a fearsome dragon, incinerating her foes with fiery breath. Having saved the life of the crown prince Jarvan..."
37,Sona,Maven of the Strings,"Sona is Demacia's foremost virtuoso of the stringed etwahl, speaking only through her graceful chords and vibrant arias. This genteel manner has endeared her to the highborn, though others suspect her spellbinding melodies to actually emanate magic—a..."
29,Twitch,the Plague Rat,"A Zaunite plague rat by birth, but a connoisseur of filth by passion, Twitch is not afraid to get his paws dirty. Aiming a chem-powered crossbow at the gilded heart of Piltover, he has vowed to show those in the city above just how filthy they really..."
875,Sett,the Boss,"A leader of Ionia's growing criminal underworld, Sett rose to prominence in the wake of the war with Noxus. Though he began as a humble challenger in the fighting pits of Navori, he quickly gained notoriety for his savage strength, and his ability to..."
44,Taric,the Shield of Valoran,"Taric is the Aspect of the Protector, wielding incredible power as Runeterra's guardian of life, love, and beauty. Shamed by a dereliction of duty and exiled from his homeland Demacia, Taric ascended Mount Targon to find redemption, only to discover a..."
157,Yasuo,the Unforgiven,"An Ionian of deep resolve, Yasuo is an agile swordsman who wields the air itself against his enemies. As a proud young man, he was falsely accused of murdering his master—unable to prove his innocence, he was forced to slay his own brother in self..."
136,Aurelion Sol,The Star Forger,"Aurelion Sol once graced the vast emptiness of the cosmos with celestial wonders of his own devising. Now, he is forced to wield his awesome power at the behest of a space-faring empire that tricked him into servitude. Desiring a return to his..."
33,Rammus,the Armordillo,"Idolized by many, dismissed by some, mystifying to all, the curious being Rammus is an enigma. Protected by a spiked shell, he inspires increasingly disparate theories on his origin wherever he goes—from demigod, to sacred oracle, to a mere beast..."
15,Sivir,the Battle Mistress,"Sivir is a renowned fortune hunter and mercenary captain who plies her trade in the deserts of Shurima. Armed with her legendary jeweled crossblade, she has fought and won countless battles for those who can afford her exorbitant price. Known for her..."
154,Zac,the Secret Weapon,"Zac is the product of a toxic spill that ran through a chemtech seam and pooled in an isolated cavern deep in Zaun's Sump. Despite such humble origins, Zac has grown from primordial ooze into a thinking being who dwells in the city's pipes, occasionally..."
266,Aatrox,the Darkin Blade,"Once honored defenders of Shurima against the Void, Aatrox and his brethren would eventually become an even greater threat to Runeterra, and were defeated only by cunning mortal sorcery. But after centuries of imprisonment, Aatrox was the first to find..."
523,Aphelios,the Weapon of the Faithful,"Emerging from moonlight's shadow with weapons drawn, Aphelios kills the enemies of his faith in brooding silence—speaking only through the certainty of his aim, and the firing of each gun. Though fueled by a poison that renders him mute, he is guided by..."
150,Gnar,the Missing Link,"Gnar is a primeval yordle whose playful antics can erupt into a toddler's outrage in an instant, transforming him into a massive beast bent on destruction. Frozen in True Ice for millennia, the curious creature broke free and now hops about a changed..."
141,Kayn,the Shadow Reaper,"A peerless practitioner of lethal shadow magic, Shieda Kayn battles to achieve his true destiny—to one day lead the Order of Shadow into a new era of Ionian supremacy. He wields the sentient darkin weapon Rhaast, undeterred by its creeping corruption of..."
90,Malzahar,the Prophet of the Void,"A zealous seer dedicated to the unification of all life, Malzahar truly believes the newly emergent Void to be the path to Runeterra's salvation. In the desert wastes of Shurima, he followed the voices that whispered in his mind, all the way to ancient..."
98,Shen,the Eye of Twilight,"Among the secretive, Ionian warriors known as the Kinkou, Shen serves as their leader, the Eye of Twilight. He longs to remain free from the confusion of emotion, prejudice, and ego, and walks the unseen path of dispassionate judgment between the spirit..."
143,Zyra,Rise of the Thorns,"Born in an ancient, sorcerous catastrophe, Zyra is the wrath of nature given form—an alluring hybrid of plant and human, kindling new life with every step. She views the many mortals of Valoran as little more than prey for her seeded progeny, and thinks..."
201,Braum,the Heart of the Freljord,"Blessed with massive biceps and an even bigger heart, Braum is a beloved hero of the Freljord. Every mead hall north of Frostheld toasts his legendary strength, said to have felled a forest of oaks in a single night, and punched an entire mountain into..."
43,Karma,the Enlightened One,"No mortal exemplifies the spiritual traditions of Ionia more than Karma. She is the living embodiment of an ancient soul reincarnated countless times, carrying all her accumulated memories into each new life, and blessed with power that few can..."
20,Nunu & Willump,the Boy and His Yeti,"Once upon a time, there was a boy who wanted to prove he was a hero by slaying a fearsome monster—only to discover that the beast, a lonely and magical yeti, merely needed a friend. Bound together by ancient power and a shared love of snowballs, Nunu..."
80,Pantheon,the Unbreakable Spear,"Once an unwilling host to the Aspect of War, Atreus survived when the celestial power within him was slain, refusing to succumb to a blow that tore stars from the heavens. In time, he learned to embrace the power of his own mortality, and the stubborn..."
555,Pyke,the Bloodharbor Ripper,"A renowned harpooner from the slaughter docks of Bilgewater, Pyke should have met his death in the belly of a gigantic jaull-fish… and yet, he returned. Now, stalking the dank alleys and backways of his former hometown, he uses his new supernatural..."
163,Taliyah,the Stoneweaver,"Taliyah is a nomadic mage from Shurima, torn between teenage wonder and adult responsibility. She has crossed nearly all of Valoran on a journey to learn the true nature of her growing powers, though more recently she has returned to protect her tribe..."
107,Rengar,the Pridestalker,"Rengar is a ferocious vastayan trophy hunter who lives for the thrill of tracking down and killing dangerous creatures. He scours the world for the most fearsome beasts he can find, especially seeking any trace of Kha'Zix, the void creature who..."
13,Ryze,the Rune Mage,"Widely considered one of the most adept sorcerers on Runeterra, Ryze is an ancient, hard-bitten archmage with an impossibly heavy burden to bear. Armed with immense arcane power and a boundless constitution, he tirelessly hunts for World Runes—fragments..."
84,Akali,the Rogue Assassin,"Abandoning the Kinkou Order and her title of the Fist of Shadow, Akali now strikes alone, ready to be the deadly weapon her people need. Though she holds onto all she learned from her master Shen, she has pledged to defend Ionia from its enemies, one..."
53,Blitzcrank,the Great Steam Golem,"Blitzcrank is an enormous, near-indestructible automaton from Zaun, originally built to dispose of hazardous waste. However, he found this primary purpose too restricting, and modified his own form to better serve the fragile people of the Sump..."
36,Dr. Mundo,the Madman of Zaun,"Utterly mad, tragically homicidal, and horrifyingly purple, Dr. Mundo is what keeps many of Zaun's citizens indoors on particularly dark nights. Now a self-proclaimed physician, he was once a patient of Zaun's most infamous asylum. After ""curing"" the..."
420,Illaoi,the Kraken Priestess,"Illaoi's powerful physique is dwarfed only by her indomitable faith. As the prophet of the Great Kraken, she uses a huge, golden idol to rip her foes' spirits from their bodies and shatter their perception of reality. All who challenge the “Truth Bearer..."
64,Lee Sin,the Blind Monk,"A master of Ionia's ancient martial arts, Lee Sin is a principled fighter who channels the essence of the dragon spirit to face any challenge. Though he lost his sight many years ago, the warrior-monk has devoted his life to protecting his homeland..."
11,Master Yi,the Wuju Bladesman,"Master Yi has tempered his body and sharpened his mind, so that thought and action have become almost as one. Though he chooses to enter into violence only as a last resort, the grace and speed of his blade ensures resolution is always swift. As one of..."
35,Shaco,the Demon Jester,"Crafted long ago as a plaything for a lonely prince, the enchanted marionette Shaco now delights in murder and mayhem. Corrupted by dark magic and the loss of his beloved charge, the once-kind puppet finds pleasure only in the misery of the poor souls..."
117,Lulu,the Fae Sorceress,"The yordle mage Lulu is known for conjuring dreamlike illusions and fanciful creatures as she roams Runeterra with her fairy companion Pix. Lulu shapes reality on a whim, warping the fabric of the world, and what she views as the constraints of this..."
526,Rell,the Iron Maiden,"The product of brutal experimentation at the hands of the Black Rose, Rell is a defiant, living weapon determined to topple Noxus. Her childhood was one of misery and horror, enduring unspeakable procedures to perfect and weaponize her magical control..."
50,Swain,the Noxian Grand General,"Jericho Swain is the visionary ruler of Noxus, an expansionist nation that reveres only strength. Though he was cast down and crippled in the Ionian wars, his left arm severed, he seized control of the empire with ruthless determination… and a new..."
5,Xin Zhao,the Seneschal of Demacia,"Xin Zhao is a resolute warrior loyal to the ruling Lightshield dynasty. Once condemned to the fighting pits of Noxus, he survived countless gladiatorial bouts, but after being freed by Demacian forces, he swore his life and allegiance to these brave..."
110,Varus,the Arrow of Retribution,"One of the ancient darkin, Varus was a deadly killer who loved to torment his foes, driving them almost to insanity before delivering the killing arrow. He was imprisoned at the end of the Great Darkin War, but escaped centuries later in the remade..."
101,Xerath,the Magus Ascendant,"Xerath is an Ascended Magus of ancient Shurima, a being of arcane energy writhing in the broken shards of a magical sarcophagus. For millennia, he was trapped beneath the desert sands, but the rise of Shurima freed him from his ancient prison. Driven..."
114,Fiora,the Grand Duelist,"The most feared duelist in all Valoran, Fiora is as renowned for her brusque manner and cunning mind as she is for the speed of her bluesteel rapier. Born to House Laurent in the kingdom of Demacia, Fiora took control of the family from her father in..."
7,LeBlanc,the Deceiver,"Mysterious even to other members of the Black Rose cabal, LeBlanc is but one of many names for a pale woman who has manipulated people and events since the earliest days of Noxus. Using her magic to mirror herself, the sorceress can appear to anyone..."
82,Mordekaiser,the Iron Revenant,"Twice slain and thrice born, Mordekaiser is a brutal warlord from a foregone epoch who uses his necromantic sorcery to bind souls into an eternity of servitude. Few now remain who remember his earlier conquests, or know the true extent of his powers—but..."
77,Udyr,the Spirit Walker,"Udyr is more than a man; he is a vessel for the untamed power of four primal animal spirits. When tapping into the spirits' bestial natures, Udyr can harness their unique strengths: The tiger grants him speed and ferocity, the turtle resilience, the..."
350,Yuumi,the Magical Cat,"A magical cat from Bandle City, Yuumi was once the familiar of a yordle enchantress, Norra. When her master mysteriously disappeared, Yuumi became the Keeper of Norra's sentient Book of Thresholds, traveling through portals in its pages to search for..."
360,Samira,the Desert Rose,"Samira stares death in the eye with unyielding confidence, seeking thrill wherever she goes. After her Shuriman home was destroyed as a child, Samira found her true calling in Noxus, where she built a reputation as a stylish daredevil taking on..."
34,Anivia,the Cryophoenix,"Anivia is a benevolent winged spirit who endures endless cycles of life, death, and rebirth to protect the Freljord. A demigod born of unforgiving ice and bitter winds, she wields those elemental powers to thwart any who dare disturb her homeland..."
119,Draven,the Glorious Executioner,"In Noxus, warriors known as Reckoners face one another in arenas where blood is spilled and strength tested—but none has ever been as celebrated as Draven. A former soldier, he found that the crowds uniquely appreciated his flair for the dramatic, and..."
10,Kayle,the Righteous,"Born to a Targonian Aspect at the height of the Rune Wars, Kayle honored her mother's legacy by fighting for justice on wings of divine flame. She and her twin sister Morgana were the protectors of Demacia for many years—until Kayle became disillusioned..."
127,Lissandra,the Ice Witch,"Lissandra's magic twists the pure power of ice into something dark and terrible. With the force of her black ice, she does more than freeze—she impales and crushes those who oppose her. To the terrified denizens of the north, she is known only as ''The..."
57,Maokai,the Twisted Treant,"Maokai is a rageful, towering treant who fights the unnatural horrors of the Shadow Isles. He was twisted into a force of vengeance after a magical cataclysm destroyed his home, surviving undeath only through the Waters of Life infused within his..."
516,Ornn,The Fire below the Mountain,"Ornn is the Freljordian spirit of forging and craftsmanship. He works in the solitude of a massive smithy, hammered out from the lava caverns beneath the volcano Hearth-Home. There he stokes bubbling cauldrons of molten rock to purify ores and fashion..."
